{
    "success": true,
    "status": "200",
    "data": {
        "count": "5",
        "classsList": [
            {
                "className": "Basic Class",
                "classId": "123",
                "count": "760",
                "balanceLevel":"Equal"
            },
            {
                "className": "Basic.Append ",
                "classId": "124",
                "count": "140",
                  "balanceLevel":"Equal"
            },
            {
                "className": "Basic 2021",
                "classId": "125",
                "count": "136",
                "balanceLevel":"Equal"
            },
            {
                "className": "Car_Adv",
                "classId": "126",
                "count": "245",
                    "balanceLevel":"Equal"
            },
            {
                "className": "Car_Top",
                "classId": "127",
                "count": "28",
                "balanceLevel":"Equal"
            },{
                "className": "Drive_View",
                "classId": "128",
                "count": "12",
                "balanceLevel":"Equal"
            }
        ]
    }
}